YEAR,TREEID,BBJD,BBJD_FLAG,L75JD,L75JD_FLAG,L95JD,L95JD_FLAG
1990,ACPE-01,121,,149,,176,
1990,ACPE-02,126,,158,,173,
1990,ACPE-03,124,,149,,168,
1990,ACPE-04,129,,162,,173,
1990,ACRU-01,121,y,156,,172,
1990,ACRU-02,120,,153,,168,
1990,ACRU-03,132,,159,,172,
1990,ACRU-04,124,,153,,168,
1990,ACRU-05,119,,153,,168,
1990,ACSA-01,118,,149,,168,
1990,ACSA-02,120,,153,,168,
1990,ACSA-03,130,,149,,168,
1990,AMSP-01,121,,156,y,172,
1990,AMSP-02,121,,159,y,168,
1990,AMSP-03,129,,157,,168,
1990,AMSP-04,116,,154,,168
1990,ARSP-01,119,,158,,176
1990,BEAL-01,116,,149,,177
1990,BEAL-02,131,,158,,173
1990,BEAL-03,127,,155,,173
1990,BELE-01,118,,158,,178
1990,BELE-02,131,,158,,173
1990,BELE-03,121,,161,,173
1990,BEPA-01,124,,149,,173
1990,BEPA-02,118,,143,,173
1990,BEPA-03,118,,147,,173
1990,BEPO-01,124,,154,,173
1990,BEPO-02,129,,153,,173
1990,BEPO-03,128,,155,,176
1990,BEPO-04,124,,153,,176
1990,CADE-01,126,,172,,182
1990,CADE-02,128,,172,,178
1990,CADE-03,131,,168,,177
1990,CRSP-01,116,,162,,177
1990,CRSP-02,130,,168,,177
1990,FAGR-01,134,,149,,168
1990,FAGR-02,128,,149,,168
1990,FAGR-03,130,,149,,168
1990,FAGR-04,127,,147,,168
1990,FRAM-01,123,,162,,177
1990,FRAM-02,131,,168,,177
1990,FRAM-03,126,y,162,,177
1990,FRAM-04,124,,168,,177
1990,HAVI-01,124,,162,,173
1990,HAVI-02,124,,162,,173
1990,HAVI-03,123,,162,,173
1990,ILVE-01,131,,162,,175
1990,ILVE-02,127,,162,,173,
1990,KAAN-01,148,,172,,182,
1990,KAAN-02,148,,172,,181,
1990,KAAN-03,146,,172,,182,
1990,KALA-01,147,,172,,178,
1990,KALA-02,148,,172,,178,
1990,KALA-03,143,,169,,182,
1990,LYLI-01,130,,162,,176,
1990,NEMU-01,118,,155,,172,
1990,NYSY-01,138,,166,,178,
1990,NYSY-02,139,,168,,177,
1990,PIST-01,166,,NA,y,NA,y
1990,PIST-02,161,,NA,y,NA,y
1990,PIST-03,161,,NA,y,NA,y
1990,PIST-04,166,,NA,y,NA,y
1990,POTR-01,120,,143,,150,
1990,POTR-02,119,,149,,158
1990,PRSE-01,108,,167,y,172
1990,PRSE-02,111,,153,,176
1990,PRSE-03,116,,150,,168
1990,QUAL-01,131,,163,,176
1990,QUAL-02,140,,163,,175
1990,QUAL-03,138,,159,,173
1990,QURU-01,127,,150,,175
1990,QURU-02,133,,162,,172
1990,QURU-03,129,,156,,168
1990,QURU-04,129,,159,,168
1990,QUVE-01,135,,159,,172
1990,QUVE-02,134,,159,,173
1990,QUVE-03,134,,159,,168
1990,QUVE-04,136,,159,,168
1990,RHSP-01,131,,162,,176
1990,RHSP-02,136,,162,,173
1990,RHSP-03,138,,162,,173
1990,SAPU-01,60,,157,,177
1990,SAPU-02,60,,153,,173
1990,TSCA-01,149,,169,,225
1990,TSCA-02,153,,172,,225
1990,TSCA-03,147,,169,,225
1990,VACO-01,118,,152,y,172
1990,VACO-02,119,,157,,175
1990,VACO-03,118,,156,y,173
1990,VACO-04,116,,157,,173
1990,VIAL-01,120,,149,,168
1990,VIAL-02,116,,153,,168
1990,VIAL-03,119,,153,,168
1990,VICA-01,111,,165,y,175
1990,VICA-02,113,,157,,172
1990,VICA-03,116,,157,,173
1991,ACPE-01,119,,151,,154
1991,ACPE-02,119,,151,,155
1991,ACPE-03,119,,148,,151
1991,ACPE-04,119,,151,,158
1991,ACRU-01,129,,151,,151
1991,ACRU-02,119,,151,,151
1991,ACRU-03,125,,151,,151
1991,ACRU-04,116,,150,,151
1991,ACRU-05,114,,150,,151
1991,ACSA-01,114,,136,,153
1991,ACSA-02,114,,133,,149
1991,ACSA-03,120,,142,,143
1991,AMSP-01,112,,133,,149
1991,AMSP-02,113,,133,,150
1991,AMSP-03,125,,150,,151
1991,AMSP-04,119,,150,,151
1991,ARSP-01,109,,137,,151
1991,ARSP-02,111,,149,,159
1991,ARSP-03,106,,151,,158
1991,BEAL-01,111,,133,,155
1991,BEAL-02,130,,140,,159
1991,BEAL-03,118,,137,,162
1991,BELE-01,119,,139,,155
1991,BELE-02,130,,140,,159
1991,BELE-03,129,,148,,161
1991,BEPA-01,119,,151,,151
1991,BEPA-02,119,,130,,150
1991,BEPA-03,119,,133,,150
1991,BEPA-04,119,,133,,150
1991,BEPO-01,116,,136,,153
1991,BEPO-02,125,,143,,151
1991,BEPO-03,129,,137,,154,
1991,BEPO-04,119,,140,,151,
1991,CADE-01,120,,151,,160,
1991,CADE-02,125,,151,,168,y
1991,CADE-03,129,,151,,158,
1991,COAL-01,55,,133,,155,
1991,COAL-02,56,,137,,155,
1991,COAL-03,69,,151,,151,
1991,CRSP-01,111,,140,,151,
1991,CRSP-02,124,,151,,151,
1991,CRSP-03,119,,148,,153,
1991,FAGR-01,129,,140,,151,
1991,FAGR-02,120,,137,,150,
1991,FAGR-03,125,,143,,161,
1991,FAGR-04,124,,133,,161,y
1991,FRAM-01,119,,140,,160,
1991,FRAM-02,132,,143,,155,
1991,FRAM-03,119,,140,,159,
1991,FRAM-04,130,,151,,161,
1991,FRAM-05,132,,151,,155,y
1991,HAVI-01,119,,140,,162,
1991,HAVI-02,116,,151,,151,
1991,HAVI-03,119,,137,,161,
1991,ILVE-01,121,,147,,182,y
1991,ILVE-02,119,,151,,154,
1991,ILVE-03,119,,137,,155,
1991,ILVE-04,119,,151,,161,
1991,KAAN-01,135,,151,,171,
1991,KAAN-02,142,,165,,184,
1991,KAAN-03,139,,155,,155,y
1991,KALA-01,135,,165,,188,y
1991,KALA-02,144,,168,,179,
1991,KALA-03,135,,155,,190,
1991,LYLI-01,129,,151,,154,
1991,LYLI-02,76,,142,,153,
1991,LYLI-03,129,,150,,154,
1991,NEMU-01,115,,149,,151,
1991,NEMU-02,116,,151,,161,y
1991,NEMU-03,119,,137,,151,
1991,NYSY-01,129,,150,,158,
1991,NYSY-02,129,,149,,162,
1991,NYSY-03,76,,142,,162,
1991,PIST-01,153,,179,,292,
1991,PIST-02,158,y,185,,203,
1991,PIST-03,153,,185,,192,
1991,PIST-04,150,,185,,260,
1991,POTR-01,104,,130,,150,
1991,POTR-02,111,,132,,150,
1991,POTR-03,110,,130,,150
1991,PRSE-01,97,,136,,150
1991,PRSE-02,97,,127,,161
1991,PRSE-03,97,,140,,149
1991,QUAL-01,119,,148,,154
1991,QUAL-02,135,,151,,164
1991,QUAL-03,130,,149,,155
1991,QURU-01,125,,143,,155
1991,QURU-02,130,,148,,160
1991,QURU-03,127,,140,,155
1991,QURU-04,124,,140,,155
1991,QUVE-01,123,y,142,,155
1991,QUVE-02,139,,151,,162
1991,QUVE-03,126,,143,,155
1991,QUVE-04,130,,143,,159
1991,RHSP-01,127,,151,,160
1991,RHSP-02,129,,150,,176,y
1991,RHSP-03,135,,151,,178,y
1991,SAPU-01,97,,140,,155,
1991,SAPU-02,93,,136,,151,
1991,SAPU-03,76,,142,,162,
1991,TSCA-01,150,,165,,203,
1991,TSCA-02,142,,161,,182,y
1991,TSCA-03,139,,161,,161,
1991,VACO-01,102,,140,,151,
1991,VACO-02,105,y,140,,153,
1991,VACO-03,104,,133,,151,
1991,VACO-04,109,,133,,151,
1991,VIAL-01,112,,137,,154,
1991,VIAL-02,114,,137,,151,
1991,VIAL-03,112,,149,,151,
1991,VICA-01,97,,133,,154,
1991,VICA-02,97,,146,,155
1991,VICA-03,97,,148,,158
1992,ACPE-01,134,,165,,197
1992,ACPE-02,138,,196,,198
1992,ACPE-03,134,,166,,189
1992,ACPE-04,138,,168,,197
1992,ACRU-01,138,,175,,186
1992,ACRU-02,131,,174,,187
1992,ACRU-03,138,,175,,186
1992,ACRU-04,134,,174,,196
1992,ACRU-05,131,,168,,175
1992,ACSA-01,124,,167,,185
1992,ACSA-02,131,,167,,174
1992,ACSA-03,134,,168,,187
1992,AMSP-01,124,,173,,188
1992,AMSP-02,122,,174,,198
1992,AMSP-03,138,,174,,188
1992,ARSP-01,134,,167,,188
1992,ARSP-02,120,,186,,188
1992,ARSP-03,113,,186,,188
1992,BEAL-01,132,,157,,188
1992,BEAL-02,140,,161,,175
1992,BEAL-03,136,,174,,194
1992,BELE-01,134,,153,,235
1992,BELE-02,138,,153,,187
1992,BELE-03,138,,157,,175
1992,BEPA-01,134,,187,,187
1992,BEPA-02,131,,150,,175
1992,BEPA-03,131,,168,,175
1992,BEPA-04,131,,168,,175
1992,BEPO-01,134,,150,,175
1992,BEPO-02,138,,188,,194
1992,BEPO-03,138,,167,,189
1992,BEPO-04,137,,157,,186
1992,CADE-01,134,,175,,197
1992,CADE-02,134,,174,,235
1992,CADE-03,138,,174,,188
1992,COAL-01,113,,157,,197
1992,COAL-02,120,,162,,197
1992,COAL-03,127,,174,,189
1992,CRSP-01,125,,174,,185
1992,CRSP-02,131,,187,,189
1992,CRSP-03,134,,174,,175
1992,FAGR-01,138,,156,,188
1992,FAGR-02,131,,150,,187
1992,FAGR-03,134,,154,,175
1992,FAGR-04,133,,157,,187
1992,FRAM-01,138,,162,,175
1992,FRAM-02,138,,175,,187
1992,FRAM-03,134,,175,,189
1992,FRAM-04,134,,175,,187
1992,FRAM-05,138,,188,,189
1992,HAVI-01,134,,167,,186
1992,HAVI-02,134,,161,,197
1992,HAVI-03,131,,167,,187
1992,ILVE-01,138,,173,,198
1992,ILVE-02,134,,157,,188
1992,ILVE-03,138,,197,,198
1992,ILVE-04,141,,186,,235
1992,KAAN-01,141,,197,,235
1992,KAAN-02,149,,187,,197
1992,KAAN-03,149,,188,,235
1992,KALA-01,163,y,197,,198
1992,KALA-02,154,,188,,189
1992,KALA-03,145,,197,,235,
1992,LYLI-01,138,,194,,341,
1992,LYLI-02,138,,192,,197,
1992,LYLI-03,140,,197,,235,
1992,NEMU-01,134,,188,,189,
1992,NEMU-02,134,,161,,196,
1992,NEMU-03,127,,167,,187,
1992,NYSY-01,141,,187,,341,
1992,NYSY-02,141,,187,,198,
1992,NYSY-03,141,,168,,196,
1992,PIST-01,165,,NA,y,NA,y
1992,PIST-02,165,,NA,y,NA,y
1992,PIST-03,160,,NA,y,NA,y
1992,PIST-04,165,y,NA,y,NA,y
1992,POTR-02,127,,140,,189,
1992,POTR-03,127,,164,,174,
1992,PRSE-01,113,,150,,188,
1992,PRSE-02,120,,174,,175,
1992,PRSE-03,113,,154,,187,
1992,QUAL-01,138,,157,,175,
1992,QUAL-02,141,,174,,192,
1992,QUAL-03,141,,161,,187,
1992,QURU-01,138,,168,,185,
1992,QURU-02,138,,161,,186,
1992,QURU-03,134,,175,,189,
1992,QURU-04,134,,154,,175,
1992,QUVE-01,138,,166,,197,
1992,QUVE-02,145,,NA,y,NA,y
1992,QUVE-03,140,,188,,188,
1992,QUVE-04,140,,161,,187,
1992,RHSP-01,138,,154,,188,
1992,RHSP-02,141,,197,,198,
1992,RHSP-03,149,,188,,189
1992,SAPU-01,113,,194,,197
1992,SAPU-02,108,,169,,188
1992,SAPU-03,108,,197,,198
1992,TSCA-01,147,,175,,175
1992,TSCA-02,147,,175,,197
1992,TSCA-03,145,,175,,189
1992,VACO-01,124,,167,,188
1992,VACO-02,132,,186,,188
1992,VACO-03,131,,175,,188
1992,VACO-04,127,,184,,188
1992,VIAL-01,123,,168,,197
1992,VIAL-02,124,,185,,187
1992,VIAL-03,124,,174,,196
1992,VICA-01,123,,161,,188
1992,VICA-02,118,,165,,198
1992,VICA-03,123,,168,,189
1993,ACPE-01,116,,144,,145
1993,ACPE-02,123,,147,,158
1993,ACPE-03,120,,147,,158
1993,ACPE-04,123,,153,,156
1993,ACRU-01,120,,153,,153
1993,ACRU-02,119,,147,,158
1993,ACRU-03,125,,153,,160
1993,ACRU-04,121,,153,,160
1993,ACRU-05,117,,144,,160
1993,ACSA-01,116,,136,,155
1993,ACSA-02,117,,132,,143
1993,ACSA-03,122,,135,,138
1993,AMSP-01,116,,158,,158
1993,AMSP-02,116,,147,,160
1993,AMSP-03,119,,144,,144
1993,ARSP-01,116,,136,,142
1993,ARSP-02,114,,147,,147
1993,ARSP-03,117,,147,,161
1993,BEAL-01,109,,139,,139
1993,BEAL-02,118,,153,,153
1993,BEAL-03,123,,147,,150
1993,BELE-01,113,,136,,144
1993,BELE-02,123,,147,,152
1993,BELE-03,116,,147,,147
1993,BEPA-01,116,,147,,156
1993,BEPA-02,114,,139,,139
1993,BEPA-03,117,,139,,139
1993,BEPA-04,117,,139,,147
1993,BEPO-01,116,,144,,144
1993,BEPO-02,123,,144,,144
1993,BEPO-03,117,,144,,144
1993,BEPO-04,117,,144,,146
1993,CADE-01,121,,153,,156
1993,CADE-02,123,,153,,160
1993,CADE-03,121,,153,,158
1993,COAL-01,109,,153,,156
1993,COAL-02,109,,144,,150
1993,COAL-03,113,,146,,147
1993,CRSP-01,118,,153,,153
1993,CRSP-02,116,,153,,153
1993,CRSP-03,121,,144,,152
1993,FAGR-01,127,,144,,146
1993,FAGR-02,121,,153,,153
1993,FAGR-03,126,,153,,153
1993,FAGR-04,121,,144,,144
1993,FRAM-01,119,,153,,158
1993,FRAM-02,126,,158,,162
1993,FRAM-03,120,,144,,151
1993,FRAM-04,123,,147,,151
1993,FRAM-05,130,,162,,167
1993,HAVI-01,123,,153,,153
1993,HAVI-02,123,,153,,160
1993,HAVI-03,123,,147,,152
1993,ILVE-01,123,,153,,158
1993,ILVE-02,121,,144,,146
1993,ILVE-04,123,,158,,162
1993,KAAN-01,142,,162,,174
1993,KAAN-02,147,,162,,164
1993,KAAN-03,138,,162,,169
1993,KALA-01,139,,158,,165
1993,KALA-02,139,,165,,169
1993,KALA-03,135,,162,,169
1993,LYLI-01,119,,153,,158
1993,LYLI-02,120,,153,,158
1993,LYLI-03,123,,147,,158
1993,NEMU-01,118,,158,,165
1993,NEMU-02,117,,153,,162
1993,NEMU-03,117,,144,,156
1993,NYSY-02,130,,162,,173
1993,NYSY-03,134,,165,,173
1993,NYSY-04,128,,158,,165
1993,PIST-01,151,,176,,176
1993,PIST-02,153,,165,,165
1993,PIST-03,151,,162,,162
1993,PIST-04,156,,162,,162
1993,POTR-02,117,,132,,134
1993,POTR-03,117,,132,,132
1993,POTR-04,105,,132,,132
1993,PRSE-01,109,,136,,158
1993,PRSE-02,109,,152,y,151
1993,PRSE-03,109,,144,,152
1993,QUAL-01,124,,144,,158
1993,QUAL-02,130,,153,,161
1993,QUAL-03,128,,153,,160
1993,QURU-01,123,,158,,164
1993,QURU-02,128,,147,,152
1993,QURU-03,123,,153,,164
1993,QURU-04,123,,147,,150
1993,QUVE-01,128,,153,,156
1993,QUVE-02,128,,153,,161
1993,QUVE-03,128,,153,,164
1993,QUVE-04,128,,153,,158
1993,RHSP-01,123,,147,,157
1993,RHSP-02,128,,147,,160
1993,RHSP-03,134,,153,,161
1993,SAPU-01,109,,162,,162
1993,SAPU-02,109,,139,,144
1993,SAPU-03,109,,153,,160
1993,TSCA-01,138,,162,,162
1993,TSCA-04,147,,162,,162
1993,TSCA-05,138,,162,,162
1993,VACO-01,117,,153,,156
1993,VACO-02,116,,153,,158
1993,VACO-03,120,,153,,161
1993,VACO-04,116,,153,,160
1993,VIAL-01,112,,144,,145
1993,VIAL-02,123,,136,,146
1993,VIAL-03,134,,136,,138
1993,VICA-01,103,,144,,144
1993,VICA-02,123,,153,,160
1993,VICA-03,123,,147,,160
1994,ACPE-01,121,,149,,158,
1994,ACPE-02,127,,151,,159,
1994,ACPE-03,127,,150,,159,
1994,ACPE-04,135,,157,,159,y
1994,ACRU-01,135,,150,,158,
1994,ACRU-02,125,,151,,162,
1994,ACRU-03,135,,150,,158,
1994,ACRU-04,128,,150,,163,
1994,ACRU-05,122,,147,,158,
1994,ACSA-01,121,,146,,156,
1994,ACSA-02,121,,142,,160,
1994,ACSA-03,126,,146,,158,
1994,AMSP-01,121,,149,,159,
1994,AMSP-02,109,,159,,159,
1994,AMSP-03,123,,145,,151,
1994,ARSP-01,118,,150,,164,
1994,ARSP-02,127,,150,,164
1994,BEAL-01,117,,145,,159
1994,BEAL-02,130,,147,,158
1994,BEAL-03,130,,147,,158
1994,BELE-01,127,,155,,164
1994,BELE-02,133,,149,,158
1994,BELE-03,133,,149,,160
1994,BEPA-01,127,,145,,159
1994,BEPA-02,122,,142,,160
1994,BEPA-03,118,,142,,160
1994,BEPA-04,122,,146,,158
1994,BEPO-01,122,,150,,157
1994,BEPO-02,135,,146,,159
1994,BEPO-03,129,,147,,158
1994,BEPO-04,127,,145,,159
1994,CADE-01,127,,159,,173
1994,CADE-02,135,,159,,179
1994,CADE-03,135,,164,,188
1994,COAL-02,115,,149,,159
1994,COAL-03,116,,145,,159
1994,CRSP-01,117,,149,,158
1994,CRSP-02,121,,146,,158
1994,CRSP-03,121,,149,,159
1994,FAGR-01,135,,147,,158
1994,FAGR-02,127,,143,,157
1994,FAGR-03,127,,145,,158
1994,FAGR-04,126,,146,,158
1994,FRAM-01,124,,157,,159
1994,FRAM-02,135,,159,,169
1994,FRAM-03,127,,158,,165
1994,FRAM-04,135,,159,,164
1994,FRAM-05,135,,159,,164
1994,HAVI-01,135,,151,,159
1994,HAVI-02,127,,147,,157
1994,HAVI-03,122,,147,,160
1994,ILVE-01,135,,159,,164
1994,ILVE-02,122,,155,,164
1994,ILVE-04,135,,164,,172
1994,KAAN-01,145,,164,,186
1994,KAAN-02,155,,177,,179
1994,KAAN-03,149,,172,,188
1994,KALA-01,145,,165,,186
1994,KALA-02,143,,171,,179
1994,KALA-03,145,,165,,179
1994,LYLI-01,135,,158,,164
1994,LYLI-02,135,,158,,164
1994,LYLI-03,133,,158,,164
1994,NEMU-01,122,,157,,159
1994,NEMU-02,122,,151,,158
1994,NEMU-03,121,,150,,164
1994,NYSY-02,141,,164,,173
1994,NYSY-03,145,,173,,179
1994,NYSY-04,140,,164,,186
1994,PIST-01,145,,226,,227
1994,PIST-02,149,,226,,226
1994,PIST-03,149,,226,,226
1994,PIST-04,149,,226,,227
1994,POTR-02,121,,142,,147
1994,POTR-04,122,,142,,149
1994,PRSE-01,109,,142,,159
1994,PRSE-02,115,,146,,163
1994,PRSE-03,109,,146,,158
1994,QUAL-01,138,,158,,164
1994,QUAL-02,136,,159,,169
1994,QUAL-03,141,,159,,165
1994,QURU-01,135,,158,,162
1994,QURU-02,136,,159,,162
1994,QURU-03,128,,158,,164
1994,QURU-04,125,,150,,160
1994,QUVE-01,136,,158,,162
1994,QUVE-02,136,,159,,164
1994,QUVE-03,135,,159,,163
1994,QUVE-04,135,,159,,164
1994,RHSP-01,133,,155,,162
1994,RHSP-02,135,,157,,165
1994,RHSP-03,137,,159,,165
1994,SAPU-01,104,,151,,162
1994,SAPU-02,109,,146,,160
1994,SAPU-03,103,,150,,162
1994,TSCA-01,145,,164,,176
1994,TSCA-04,147,,165,,179
1994,TSCA-05,145,,165,,186
1994,VACO-01,121,,157,,162
1994,VACO-02,121,,158,,165
1994,VACO-03,121,,156,,162
1994,VACO-04,121,,155,,159
1994,VIAL-01,115,,146,,158
1994,VIAL-02,116,,142,,155
1994,VIAL-03,116,,147,,157
1994,VICA-01,115,,145,,162
1994,VICA-02,115,,149,,159
1994,VICA-03,115,,150,,162
1995,ACPE-01,126,,146,,157
1995,ACPE-02,128,,152,,162
1995,ACPE-03,126,,146,,157
1995,ACPE-04,131,,152,,163
1995,ACRU-01,135,y,152,,157
1995,ACRU-02,126,,151,,157
1995,ACRU-03,139,,152,,157
1995,ACRU-04,128,,152,,157
1995,ACRU-05,126,,146,,154
1995,ACSA-01,126,,142,,156
1995,ACSA-02,126,,142,,146
1995,ACSA-03,131,,145,,155
1995,AMSP-01,126,,146,,152
1995,AMSP-02,126,,145,,152
1995,AMSP-03,126,,146,,152
1995,ARSP-01,122,,146,,161
1995,ARSP-02,121,,151,,157
1995,BEAL-01,126,,142,,152
1995,BEAL-02,131,,151,,157
1995,BEAL-03,134,,146,,156
1995,BELE-01,130,,145,,157
1995,BELE-02,134,,151,,157
1995,BELE-03,130,,146,,155
1995,BEPA-01,130,,146,,152
1995,BEPA-02,126,,142,,152
1995,BEPA-03,126,,142,,152
1995,BEPA-04,126,,146,,156
1995,BEPO-01,126,,146,,156
1995,BEPO-02,135,,146,,157
1995,BEPO-03,131,,146,,157
1995,BEPO-04,130,,146,,156
1995,CADE-01,128,,157,,164
1995,CADE-02,132,,157,,164
1995,CADE-03,132,,162,,164
1995,COAL-02,120,,145,,156
1995,COAL-03,121,,145,,156
1995,CRSP-01,120,,146,,157
1995,CRSP-02,126,,146,,157
1995,CRSP-03,126,,151,,157
1995,FAGR-01,135,,146,,157
1995,FAGR-02,129,,142,,156
1995,FAGR-03,132,,146,,156
1995,FAGR-04,128,,142,,156
1995,FRAM-01,130,,152,,163
1995,FRAM-02,134,,152,,164
1995,FRAM-03,126,,152,,157
1995,FRAM-04,134,,157,,164
1995,FRAM-05,139,,156,,164
1995,HAVI-01,130,,151,,161
1995,HAVI-02,130,,146,,157
1995,HAVI-03,126,,151,,157
1995,ILVE-01,135,,163,,164
1995,ILVE-02,129,,152,,161
1995,ILVE-03,130,,146,,164
1995,ILVE-04,131,,164,,164
1995,KAAN-01,149,,172,,173
1995,KAAN-02,145,,170,,173
1995,KAAN-03,145,,170,,180
1995,KALA-01,143,,170,,173
1995,KALA-02,143,,179,,179
1995,KALA-03,140,,164,,178
1995,LYLI-01,132,,156,,163
1995,LYLI-02,134,,152,,161
1995,LYLI-03,134,,156,,162
1995,NEMU-01,126,,152,,161
1995,NEMU-02,126,,152,,156
1995,NEMU-03,126,,152,,157
1995,NYSY-02,140,,164,,170
1995,NYSY-03,144,,164,,164,
1995,NYSY-04,140,,163,,173,
1995,PIST-01,161,,NA,y,NA,y
1995,PIST-02,161,,180,,180,
1995,PIST-03,161,,NA,y,NA,y
1995,PIST-04,161,,170,,170,
1995,POTR-02,126,,142,,151,
1995,POTR-04,126,,142,,146,
1995,PRSE-01,114,,146,,157,
1995,PRSE-02,114,,146,,156,
1995,PRSE-03,114,,151,,161,
1995,QUAL-01,133,,156,,164,
1995,QUAL-02,139,,157,,164,
1995,QUAL-03,132,,164,,164,
1995,QURU-01,134,,152,,164,
1995,QURU-02,135,,152,,161,
1995,QURU-03,132,,152,,157
1995,QURU-04,130,,151,,156
1995,QUVE-01,139,,157,,163
1995,QUVE-02,132,,156,,163
1995,QUVE-03,136,,156,,163
1995,QUVE-04,136,,157,,164
1995,RHSP-01,131,,152,,162
1995,RHSP-02,139,,152,,163
1995,RHSP-03,139,,152,,162
1995,SAPU-01,114,,156,,162
1995,SAPU-02,114,,151,,162
1995,SAPU-03,114,,157,,164
1995,TSCA-01,142,,163,,164
1995,TSCA-04,149,,164,,170
1995,TSCA-05,139,,164,,170
1995,VACO-01,126,,151,,157
1995,VACO-02,122,,156,,164
1995,VACO-03,126,,152,,162
1995,VACO-04,126,,152,,164
1995,VIAL-01,120,,146,,152
1995,VIAL-02,120,,142,,152
1995,VIAL-03,120,,146,,156
1995,VICA-01,114,,146,,162
1995,VICA-02,120,,146,,157
1995,VICA-03,120,,146,,157
1996,ACPE-01,125,,149,,165
1996,ACPE-02,132,,152,,169
1996,ACPE-03,132,,153,,169
1996,ACPE-04,137,,154,,172
1996,ACRU-01,119,,153,,159
1996,ACRU-02,125,,149,,165
1996,ACRU-03,132,,153,,165
1996,ACRU-04,120,,154,,167
1996,ACRU-05,120,,143,,154
1996,ACSA-01,119,,143,,154
1996,ACSA-02,125,,143,,153
1996,ACSA-03,126,y,143,,154
1996,AMSP-01,119,,149,,158
1996,AMSP-02,115,,143,,154
1996,AMSP-03,120,,149,,153
1996,ARSP-01,115,,149,,170
1996,ARSP-02,115,,153,,170
1996,BEAL-01,115,,143,,154
1996,BEAL-02,126,,149,,159
1996,BEAL-03,115,,148,,154
1996,BELE-01,115,,149,,159
1996,BELE-02,126,,149,,165
1996,BELE-03,120,,149,,159
1996,BEPA-01,119,,143,,154
1996,BEPA-02,115,,143,,153
1996,BEPA-03,115,,143,,154
1996,BEPA-04,116,,148,,165
1996,BEPO-01,115,,149,,159
1996,BEPO-02,119,,149,,159
1996,BEPO-03,119,,148,,159
1996,BEPO-04,115,,149,,165
1996,CADE-01,126,,164,,180
1996,CADE-02,133,,169,,192
1996,CADE-03,132,,170,,192
1996,COAL-02,115,,149,,165
1996,COAL-03,115,,149,,165
1996,CRSP-01,115,,149,,165
1996,CRSP-02,115,,149,,159
1996,CRSP-03,125,,153,,169
1996,FAGR-01,138,,149,,158
1996,FAGR-02,127,,143,,157
1996,FAGR-03,132,,143,,154
1996,FAGR-04,125,,143,,154
1996,FRAM-01,125,,153,,165
1996,FRAM-02,137,,154,,170
1996,FRAM-03,125,,154,,170
1996,FRAM-04,132,,159,,170
1996,HAVI-01,126,,153,,169
1996,HAVI-02,125,,149,,168
1996,HAVI-03,125,,153,,169
1996,ILVE-01,133,,159,,170
1996,ILVE-02,120,,149,,169
1996,ILVE-03,126,,164,y,172
1996,ILVE-04,128,,170,,180
1996,KAAN-01,146,,168,,192
1996,KAAN-02,146,,170,,192,
1996,KAAN-03,146,,170,,192,
1996,KALA-01,143,,170,,180,
1996,KALA-02,146,,173,,187,
1996,KALA-03,141,,173,,193,
1996,LYLI-01,126,,158,,170,
1996,LYLI-02,119,,154,,169,
1996,LYLI-03,120,,154,,170,
1996,NEMU-01,115,,153,,165,
1996,NEMU-02,115,,149,,159,
1996,NEMU-03,115,,149,,180,
1996,NYSY-02,141,,168,,179,
1996,NYSY-03,146,,170,,187,
1996,NYSY-04,137,,165,,179,
1996,PIST-01,162,,NA,y,NA,y
1996,PIST-02,162,,NA,y,NA,y
1996,PIST-03,162,,NA,y,NA,y
1996,PIST-04,162,,NA,y,NA,y
1996,POTR-02,119,,143,,154,
1996,POTR-04,125,,148,,149,
1996,PRSE-01,111,,143,,158,
1996,PRSE-02,112,,149,,154,
1996,PRSE-03,111,,149,,159,
1996,QUAL-01,135,,164,,169,
1996,QUAL-02,144,,159,,179,
1996,QUAL-03,141,,158,,170,
1996,QURU-01,131,,154,,165,
1996,QURU-02,141,,154,,165,
1996,QURU-03,132,,153,,163,
1996,QURU-04,132,,153,,164,
1996,QUVE-01,138,,159,,165,
1996,QUVE-02,138,,159,,170,
1996,QUVE-03,141,,154,,170
1996,QUVE-04,140,,159,,170
1996,RHSP-01,120,,154,,169
1996,RHSP-02,126,,154,,169
1996,RHSP-03,132,,154,,170
1996,SAPU-01,98,,154,,170
1996,SAPU-02,96,,153,,170
1996,SAPU-03,97,,153,,169
1996,TSCA-01,147,,165,,179
1996,TSCA-04,151,,172,,180
1996,TSCA-05,146,,169,,180
1996,VACO-01,119,,154,,165
1996,VACO-02,119,,149,,168
1996,VACO-03,119,,153,,167
1996,VACO-04,115,,154,,168
1996,VIAL-01,114,,143,,159
1996,VIAL-02,115,,143,,159
1996,VIAL-03,115,,149,,165
1996,VICA-01,114,,143,,165
1996,VICA-02,114,,154,,165
1996,VICA-03,115,,153,,169
1997,ACPE-01,129,,153,,167
1997,ACPE-02,134,,154,,167
1997,ACPE-03,134,,154,,167
1997,ACPE-04,136,,159,,167
1997,ACRU-01,137,,154,,167
1997,ACRU-02,132,,154,,167
1997,ACRU-03,139,,159,,167
1997,ACRU-04,131,,154,,167
1997,ACRU-05,128,,154,,165
1997,ACSA-01,126,,147,,154
1997,ACSA-02,125,,147,,159
1997,ACSA-03,135,,154,,160
1997,AMSP-01,123,,153,,160
1997,AMSP-02,122,,153,,160
1997,AMSP-03,131,,154,,159
1997,ARSP-01,130,,159,,174
1997,ARSP-02,125,,159,,174
1997,BEAL-01,130,,153,,160
1997,BEAL-02,141,,154,,167
1997,BEAL-03,133,,154,,167
1997,BELE-01,132,,154,,167
1997,BELE-02,136,,154,,167
1997,BELE-03,131,,154,,167
1997,BEPA-01,134,,154,,160
1997,BEPA-02,132,,152,,154
1997,BEPA-03,131,,153,,160
1997,BEPA-04,132,,153,,165
1997,BEPO-01,134,,154,,167
1997,BEPO-02,137,,159,,166
1997,BEPO-03,136,,154,,166
1997,BEPO-04,135,,158,,167
1997,CADE-01,134,,167,,182
1997,CADE-02,134,,174,,182
1997,CADE-03,135,,167,,182
1997,COAL-02,132,,160,,167
1997,COAL-03,126,,154,,167
1997,CRSP-01,123,,153,,160
1997,CRSP-02,127,,154,,160
1997,CRSP-03,132,,154,,165
1997,FAGR-01,137,,153,,160
1997,FAGR-02,133,,153,,160
1997,FAGR-03,134,,153,,160
1997,FAGR-04,130,,147,,160
1997,FRAM-01,135,,160,,167
1997,FRAM-02,141,,166,,174
1997,FRAM-03,134,,160,,173
1997,FRAM-04,142,,166,,174
1997,HAVI-01,131,,160,,167
1997,HAVI-02,130,,154,,166
1997,HAVI-03,129,,154,,167
1997,ILVE-01,136,,166,,174
1997,ILVE-02,134,,160,,167
1997,ILVE-03,135,,166,,181
1997,ILVE-04,137,,174,,189
1997,KAAN-01,151,,174,,189
1997,KAAN-02,151,,174,,203
1997,KAAN-03,151,,178,,189
1997,KALA-01,151,,178,,203
1997,KALA-02,151,,179,,201
1997,KALA-03,146,,174,,200,
1997,LYLI-01,138,,160,,167,
1997,LYLI-02,139,,160,,172,
1997,LYLI-03,138,,160,,174,
1997,NEMU-01,133,,160,,174,
1997,NEMU-02,132,,159,,167,
1997,NEMU-03,131,,154,,166,
1997,NYSY-02,149,,171,,182,
1997,NYSY-03,151,,174,,182,
1997,NYSY-04,146,,167,,189,
1997,PIST-01,165,,202,,641,
1997,PIST-02,164,,203,,NA,y
1997,PIST-03,164,,NA,y,NA,y
1997,PIST-04,164,,NA,y,NA,y
1997,POTR-02,124,,147,,154,
1997,POTR-04,122,,146,,154,
1997,PRSE-01,113,,153,,160
1997,PRSE-02,115,,154,,167
1997,PRSE-03,113,,154,,167
1997,QUAL-01,148,,166,,174
1997,QUAL-02,146,,166,,174
1997,QUAL-03,144,,166,,172
1997,QURU-01,135,,160,,174
1997,QURU-02,139,,160,,167
1997,QURU-03,135,,160,,167
1997,QURU-04,136,,159,,167
1997,QUVE-01,143,,160,,173
1997,QUVE-02,138,,167,,167
1997,QUVE-03,143,,160,,174
1997,QUVE-04,142,,166,,167
1997,RHSP-01,136,,160,,181
1997,RHSP-02,141,,160,,182
1997,RHSP-03,142,,160,,182
1997,SAPU-01,103,,154,,167
1997,SAPU-02,96,,154,,167
1997,SAPU-03,102,,154,,167
1997,TSCA-01,151,,174,,182
1997,TSCA-04,154,,179,,189
1997,TSCA-05,150,,173,,182
1997,VACO-01,126,,154,,167
1997,VACO-02,125,,164,,167
1997,VACO-03,129,,160,,167
1997,VACO-04,125,,160,,167
1997,VIAL-01,118,,153,,160
1997,VIAL-02,123,,147,,160
1997,VIAL-03,120,,154,,160
1997,VICA-01,117,,153,,166
1997,VICA-02,118,,159,,167
1997,VICA-03,123,,160,,167
1998,ACPE-01,111,,138,,153
1998,ACPE-02,119,,141,,165
1998,ACPE-03,122,,142,,164
1998,ACPE-04,120,,147,,166
1998,ACRU-01,125,,141,,164
1998,ACRU-02,120,,141,,165
1998,ACRU-03,122,,142,,160
1998,ACRU-04,113,,139,,160
1998,ACRU-05,111,,139,,153
1998,ACSA-01,109,,134,,142
1998,ACSA-02,111,,133,,142
1998,ACSA-03,120,,137,,160
1998,AMSP-01,109,,138,,142
1998,AMSP-02,106,,133,,152
1998,AMSP-03,117,,137,,142
1998,ARSP-01,109,,145,,166,
1998,ARSP-02,107,,139,,153,
1998,BEAL-01,114,,137,,142,
1998,BEAL-02,124,,139,,160,
1998,BEAL-03,122,,139,,160,
1998,BELE-01,121,,142,,166,
1998,BELE-02,122,,139,,160,
1998,BELE-03,125,,141,,160,
1998,BEPA-01,122,,139,,147,
1998,BEPA-02,118,,138,,169,y
1998,BEPA-03,113,,134,,168,y
1998,BEPA-04,120,,145,,160,
1998,BEPO-01,114,,142,,165,
1998,BEPO-02,122,,142,,160,
1998,BEPO-03,122,,145,,160,
1998,BEPO-04,122,,139,,160,
1998,CADE-01,121,,147,,183
1998,CADE-02,121,,159,,166
1998,CADE-03,124,,160,,174
1998,COAL-03,107,,139,,159
1998,COAL-04,117,,134,,164
1998,CRSP-01,106,,138,,159
1998,CRSP-02,113,,141,,158
1998,CRSP-03,117,,142,,159
1998,FAGR-01,124,,142,,166
1998,FAGR-02,121,,141,,160
1998,FAGR-03,122,,152,,159
1998,FAGR-04,120,,141,,166
1998,FRAM-01,124,,163,,170
1998,FRAM-02,126,,159,,174
1998,FRAM-03,122,,153,,174
1998,FRAM-04,128,,160,,189
1998,HAVI-01,116,,147,,165
1998,HAVI-02,111,,142,,165
1998,HAVI-03,112,,147,,160
1998,ILVE-01,124,,153,,170
1998,ILVE-02,116,,151,,166
1998,ILVE-03,114,,157,,166
1998,ILVE-04,124,,160,,174
1998,KAAN-01,137,,159,,183
1998,KAAN-02,142,,170,,183
1998,KAAN-03,141,,170,,183
1998,KALA-01,135,,164,,183
1998,KALA-02,135,,170,,183
1998,KALA-03,137,,170,,183
1998,LYLI-01,126,,146,,165
1998,LYLI-02,126,,147,,165
1998,LYLI-03,126,,146,,164
1998,NEMU-01,111,,142,,159,
1998,NEMU-02,114,,139,,152,
1998,NEMU-03,112,,141,,151,
1998,NYSY-02,131,,158,,174,
1998,NYSY-03,137,,165,,183,
1998,NYSY-04,129,,152,,174,
1998,PIST-01,150,,456,,NA,y
1998,PIST-02,151,,194,,738,
1998,PIST-03,150,,194,,738,
1998,PIST-04,150,,194,,738,
1998,POTR-02,106,,128,,158,
1998,POTR-04,106,,128,,157,
1998,PRSE-01,106,,133,,164,
1998,PRSE-02,106,,134,,158,
1998,PRSE-03,106,,137,,160,
1998,QUAL-02,128,,157,,169,
1998,QUAL-03,127,,142,,166
1998,QUAL-04,124,,147,,166
1998,QURU-01,122,,146,,165
1998,QURU-02,126,,150,,164
1998,QURU-03,121,,142,,158
1998,QURU-04,122,,139,,153
1998,QUVE-01,122,,145,,153
1998,QUVE-02,122,,147,,160
1998,QUVE-03,124,,142,,153
1998,QUVE-04,124,,150,,160
1998,RHSP-01,122,,145,,166
1998,RHSP-02,126,,142,,170
1998,RHSP-03,127,,142,,170
1998,SAPU-01,106,,142,,166
1998,SAPU-02,106,,139,,166
1998,SAPU-03,106,,142,,166
1998,TSCA-01,137,,165,,183,
1998,TSCA-04,140,,165,,183,
1998,TSCA-05,135,,163,,183,
1998,VACO-01,106,,141,,165,
1998,VACO-02,106,,150,,165,
1998,VACO-03,109,,157,,160,
1998,VACO-04,110,,142,,166,
1998,VIAL-01,106,,139,,158,
1998,VIAL-02,106,,133,,159,
1998,VIAL-03,106,,139,,159,
1998,VICA-01,106,,134,,165,
1998,VICA-02,106,,141,,159,
1998,VICA-03,96,,142,,166,
1999,ACPE-01,120,,141,,171,y
1999,ACPE-02,125,,146,,160,
1999,ACPE-03,125,,147,,160,
1999,ACPE-04,128,,152,,181
1999,ACRU-01,130,,147,,161
1999,ACRU-02,126,,154,,161
1999,ACRU-03,129,,153,,161
1999,ACRU-04,125,,144,,160
1999,ACRU-05,120,,140,,154
1999,ACSA-01,120,,134,,154
1999,ACSA-02,120,,134,,147
1999,ACSA-03,124,,139,,154
1999,AMSP-01,120,,146,,154
1999,AMSP-02,120,,146,,154
1999,AMSP-03,124,,141,,154
1999,ARSP-01,124,,140,,161
1999,ARSP-02,120,,147,,173
1999,BEAL-01,124,,140,,154
1999,BEAL-02,130,,144,,154
1999,BEAL-03,126,,145,,161
1999,BELE-01,127,,145,,161
1999,BELE-02,129,,146,,160
1999,BELE-03,126,,146,,161
1999,BEPA-01,126,,145,,159
1999,BEPA-02,125,,141,,154
1999,BEPA-03,120,,141,,154
1999,BEPA-04,125,,145,,154
1999,BEPO-01,125,,146,,161
1999,BEPO-02,129,,146,,160
1999,BEPO-03,129,,152,,161
1999,BEPO-04,126,,147,,161
1999,CADE-01,126,,154,,189
1999,CADE-03,126,,154,,181
1999,CADE-04,126,,153,,166
1999,COAL-01,120,,146,,189
1999,COAL-03,120,,141,,159
1999,COAL-04,120,,141,,154
1999,CRSP-01,120,,145,,154
1999,CRSP-02,124,,141,,154
1999,CRSP-03,125,,146,,160
1999,FAGR-01,129,,141,,154
1999,FAGR-02,127,,141,,154
1999,FAGR-03,125,,146,,159
1999,FAGR-04,120,,140,,152
1999,FRAM-01,126,,151,,161
1999,FRAM-02,128,,153,,161
1999,FRAM-03,128,,147,,154
1999,FRAM-04,132,,153,,166
1999,HAVI-01,125,,145,,161
1999,HAVI-02,121,,141,,154
1999,HAVI-03,120,,145,,159
1999,ILVE-01,130,,154,,161
1999,ILVE-02,125,,146,,160
1999,ILVE-03,126,,154,,166
1999,ILVE-04,126,,160,,173
1999,KAAN-01,136,,161,,181
1999,KAAN-02,140,,171,,199
1999,KAAN-03,146,,173,,199
1999,KALA-01,136,,164,,181
1999,KALA-02,137,,164,,173
1999,KALA-03,137,,166,,181
1999,LYLI-01,133,,154,,166
1999,LYLI-02,130,,153,,161
1999,LYLI-03,130,,154,,161
1999,NEMU-01,123,,147,,160
1999,NEMU-02,125,,146,,154
1999,NEMU-03,123,,152,,160
1999,NYSY-02,133,,159,,188,
1999,NYSY-03,137,,160,,189,
1999,NYSY-04,132,,154,,173,
1999,PIST-01,151,,189,,NA,y
1999,PIST-02,151,,189,,NA,y
1999,PIST-03,151,,189,,NA,y
1999,PIST-04,151,,189,,NA,y
1999,POTR-02,119,,134,,147,
1999,POTR-04,119,,139,,147,
1999,PRSE-01,107,,146,,154,
1999,PRSE-02,110,,140,,154,
1999,PRSE-03,109,,145,,160,
1999,QUAL-02,136,,154,,173,
1999,QUAL-03,132,,154,,166,
1999,QUAL-04,131,,159,,180,
1999,QURU-01,126,,152,,161,
1999,QURU-02,129,,153,,161
1999,QURU-03,125,,146,,161
1999,QURU-04,125,,141,,154
1999,QUVE-01,129,,153,,165
1999,QUVE-02,130,,153,,166
1999,QUVE-03,132,,153,,166
1999,QUVE-04,131,,153,,161
1999,RHSP-01,128,,153,,161
1999,RHSP-02,132,,147,,161
1999,RHSP-03,134,,153,,173
1999,SAPU-01,100,,147,,166
1999,SAPU-02,97,,141,,161
1999,SAPU-03,98,,147,,161
1999,TSCA-01,141,,161,,189
1999,TSCA-04,143,,166,,199
1999,TSCA-05,138,,161,,189
1999,VACO-01,120,,146,,161
1999,VACO-02,120,,152,,161
1999,VACO-03,121,,147,,161
1999,VACO-04,120,,146,,161
1999,VIAL-01,115,,140,,170
1999,VIAL-02,114,,139,,153
1999,VIAL-03,119,,141,,154
1999,VICA-01,108,,146,,159
1999,VICA-02,109,,146,,160
1999,VICA-03,109,,147,,159
2000,ACPE-01,125,,143,,168
2000,ACPE-02,128,,158,,177
2000,ACPE-03,128,,158,,173
2000,ACPE-04,128,,159,,185
2000,ACRU-01,131,,158,,183
2000,ACRU-02,130,,159,,183
2000,ACRU-03,130,,159,,177
2000,ACRU-04,128,,159,,177
2000,ACRU-05,127,,147,,168
2000,ACSA-01,124,,143,,159
2000,ACSA-02,124,,142,,159
2000,ACSA-03,127,,147,,163
2000,AMSP-01,124,,149,,159
2000,AMSP-02,123,,143,,163
2000,AMSP-03,128,,146,,163
2000,ARSP-01,121,,147,,179
2000,ARSP-02,119,,155,,183
2000,ARSP-04,124,,147,,185
2000,BEAL-01,128,,145,,159
2000,BEAL-02,130,,156,,164
2000,BEAL-03,128,,147,,177
2000,BELE-01,128,,147,,183
2000,BELE-02,131,,158,,179,
2000,BELE-03,134,,155,,175,
2000,BEPA-01,127,,151,,168,
2000,BEPA-02,124,,147,,162,
2000,BEPA-03,124,,151,,163,
2000,BEPA-04,125,,151,,164,
2000,BEPO-01,127,,156,,177,
2000,BEPO-02,128,,147,,168,
2000,BEPO-03,128,,159,,177,
2000,BEPO-04,127,,151,,177,
2000,CADE-01,128,,164,,203,
2000,CADE-02,128,,158,,181,
2000,CADE-03,129,,167,,191,
2000,COAL-01,119,,146,,185,
2000,COAL-03,124,,147,,164,y
2000,COAL-04,NA,y,NA,y,NA,y
2000,CRSP-01,120,,145,,163
2000,CRSP-02,127,,147,,163
2000,CRSP-03,128,,151,,164
2000,FAGR-01,130,,143,,163
2000,FAGR-02,128,,151,,164
2000,FAGR-03,128,,158,,175
2000,FAGR-04,127,,142,,159
2000,FRAM-01,128,,159,,173
2000,FRAM-02,131,,159,,185
2000,FRAM-03,128,,163,,189
2000,FRAM-04,132,,162,,190
2000,HAVI-01,127,,159,,175
2000,HAVI-02,124,,146,,164
2000,HAVI-03,127,,147,,164
2000,ILVE-01,130,,162,,178
2000,ILVE-02,128,,149,,183
2000,ILVE-03,128,,159,,188
2000,ILVE-04,130,,172,,185
2000,KAAN-01,144,,167,,189
2000,KAAN-02,145,,173,,191
2000,KAAN-03,145,,172,,191
2000,KALA-01,135,,168,,189
2000,KALA-02,135,,171,,189
2000,KALA-03,144,,168,,189
2000,LYLI-01,131,,159,,183
2000,LYLI-02,131,,162,,178
2000,LYLI-03,131,,159,,183
2000,NEMU-01,127,,156,,177
2000,NEMU-02,128,,159,,179
2000,NEMU-03,125,,155,,164
2000,NYSY-02,131,,167,,183
2000,NYSY-03,136,,173,,190
2000,NYSY-04,131,,166,,189,
2000,PIST-01,156,,NA,y,NA,y
2000,PIST-02,158,,170,y,NA,y
2000,PIST-03,156,,NA,y,NA,y
2000,PIST-04,156,,NA,y,NA,y
2000,POTR-02,124,,146,,147,
2000,POTR-04,127,,142,,147,
2000,PRSE-01,104,,147,,164,
2000,PRSE-02,113,y,147,,163,
2000,PRSE-03,106,,147,,164,
2000,QUAL-02,133,,162,,185,
2000,QUAL-03,131,,162,,185,
2000,QUAL-04,132,,162,,203,
2000,QURU-01,128,,168,,185,
2000,QURU-02,130,,164,,182,
2000,QURU-03,128,,162,,184,
2000,QURU-04,128,,151,,173
2000,QUVE-01,130,,159,,177
2000,QUVE-02,130,,159,,179
2000,QUVE-03,131,,159,,182
2000,QUVE-04,131,,162,,182
2000,RHSP-01,128,,150,,182
2000,RHSP-02,131,,158,,183
2000,RHSP-03,135,,162,,183
2000,SAPU-01,93,,157,,185
2000,SAPU-02,91,,147,,189
2000,SAPU-03,98,,151,,185
2000,SAPU-04,48,,147,,183
2000,TSCA-01,140,,164,,189
2000,TSCA-04,141,,168,,190
2000,TSCA-05,138,,164,,185
2000,VACO-01,124,,151,,171
2000,VACO-02,119,,158,,175
2000,VACO-03,122,,151,,181
2000,VACO-04,122,,151,,179
2000,VIAL-01,115,,143,,159
2000,VIAL-02,115,,142,,158
2000,VIAL-03,118,,147,,164
2000,VICA-01,111,y,147,,173
2000,VICA-02,107,,147,,164
2000,VICA-03,108,,156,,175
